SMILES,Rg
*=C=C=C(CCCCOC(=O)Nc1ccccc1)C(=*)CCCCOC(=O)Nc1ccccc1,15.55466977
*=C=C=C(Cn1c2ccccc2c2ccccc21)C(=*)Cn1c2ccccc2c2ccccc21,12.21503123
*C(=O)C(*)(C)C,25.84971423
*C(=O)N(*)CCCCCCCCCCCCCCCCCC,12.57201307
*C(=O)c1ccc2c(c1)C(=O)N(c1ccc(Oc3ccc(C(=O)c4cccc(C(=O)c5ccc(Oc6ccc(N7C(=O)c8ccc(*)cc8C7=O)cc6)cc5)c4)cc3)cc1)C2=O,23.97728876
*C(F)(F)C(F)(F)C1(F)C(*)(F)OC(F)(F)C1(F)F,19.456651
*C([2H])([2H])C(*)([2H])c1c([2H])c([2H])c([2H])c([2H])c1[2H],15.86735299
*C*,24.4363295
*C1C(=O)N(c2ccc(C)cc2)C(=O)C1*,12.83180759
*C1C(=O)N(c2ccccc2)C(=O)C1*,14.56697254
*C1C(=O)N(c2ccccc2C(=O)OC)C(=O)C1*,12.24675377
*C1C(=O)OC(=O)C1*,17.04190977
*C1C2CCC(C2)C1*,14.8573309
*C1C=CC(*)C1,18.92440401
*C1CC2C3CCC(C3)C2C1*,12.5969108
*C1CC2CC1C(*)C2CCCC,12.17988527
*C1CC2CC1C(*)C2CCCCCC,10.70862832
*C1CC2CC1C(*)C2CCCCCCCCCC,14.39063477
*C1CCC(*)C1,19.86080991
*C1CCC1*,14.41189122
*C1CCCCC1S(*)(=O)=O,15.15828898
*C1Cc2ccccc2C1*,12.77290213
*C=C(*)C#CCCCCCCCCCCCCCCCCCCCCC(=O)O,15.06400186
*C=C(*)CCCCCCCCCCCCCCCCCCCCC(=O)O,14.07855526
*C=C*,34.67290561
*C=CC(C(=O)OC(C)C)C(*)C(=O)OC(C)C,13.10146733
*C=CC(C)(C)C(*)(C)C,15.50648001
*C=CC(C)C(*)C,16.53077558
*C=CC(C*)C(C)CC,14.35476002
*C=CC(C*)CCC,13.41293322
*C=CCC*,19.29341066
*C=CCCC*,18.18601938
*C=CCCCCC*,18.69881957
*C=CCCCCCC*,19.38675152
*C=CCCCCCCC(Cl)CCCCCC*,19.54188854
*C=CCCCCCCCC*,19.34707652
*C=CCCCCCCCCCC(CCCCCCCCC*)COCCOCCOCCOCCOCCCCCC,16.02209513
*C=CCCCCCCCCCC(Cl)CCCCCCCCC*,20.00761368
*C=CCCCCCCCCCC*,20.61494369
*C=Cc1cc(CCCCCCCCCCC)c(/C=C/c2ccc(*)cc2)cc1CCCCCCCCCCC,15.68183389
*C=Cc1cc(CCCCCCCCCCCC)c(/C=C/c2ccc(*)cc2)cc1CCCCCCCCCCCC,16.18461866
*C=Cc1cc(OCC(CC)CCCC)c(*)cc1-c1ccc(F)c(C(F)(F)F)c1,22.21132757
*C=Cc1cc(OCC(CC)CCCC)c(*)cc1-c1ccc(N(c2ccc(OC)cc2)c2ccc(OC)cc2)cc1,13.49779574
*C=Cc1cc(OCC2CC3CC2C2CCCC32)c(*)cc1OCC1CC2CC1C1CCCC21,17.43472846
*C=Cc1cc(OCCCCCC)c(*)cc1OC,21.10266717
*C=Cc1cc(OCCCCCCCC)c(*)cc1OC,17.48153992
*C=Cc1cc(OCCCCCCCCCCCC)c(*)cc1OC,20.35612021
*C=Cc1cc(OCCCCCCCCCCCCCCCC)c(/C=C/c2ccc(*)cc2)cc1OCCCCCCCCCCCCCCCC,15.92222857
*C=Cc1ccc(*)c(-c2c(OCC(CC)CCCC)ccc3cc(-c4ccccc4)ccc23)c1,14.07025714
*C=Cc1ccc(*)c(-c2cc(-c3ccccc3)c(OCC(CC)CCCC)cc2OCC(CC)CCCC)c1,12.57676107
*C=Cc1ccc(*)c(-c2cc(OCC(CC)CCCC)c(-c3ccccc3)cc2OCC(CC)CCCC)c1,13.74155321
*C=Cc1ccc(*)c(-c2cc(OCC(CC)CCCC)c(OCC(CC)CCCC)cc2-c2ccccc2)c1,13.24845393
*C=Cc1ccc(*)c(-c2cc(OCCC(C)C)c(OCCC(C)C)cc2-c2ccc(C(F)(F)F)cc2)c1,17.81147708
*C=Cc1ccc(*)c(-c2cc(OCCC(C)C)c(OCCC(C)C)cc2-c2ccc(OC)cc2)c1,17.48157569
*C=Cc1ccc(*)c2ccc(CCCCCC)cc12,20.81567785
*C=Cc1ccc(*)cc1,25.25187791
*C=Cc1sc(*)c(OCCCCCCCCCCCC)c1OCCCCCCCCCCCC,11.69721179
*CC(*)(C#N)C(=O)OC,17.02409485
*CC(*)(C#N)C(=O)OCC,15.74241811
*CC(*)(C#N)C(=O)OCCCC,13.85902924
*CC(*)(C#N)C(=O)OCCCCCC,12.966416
*CC(*)(C(=O)OC)c1ccccc1,13.63274404
*CC(*)(C)C#N,16.28256988
*CC(*)(C)C(=O)NC(=O)OC(C)COc1c(Br)cc(S(=O)(=O)c2cc(Br)c(OCC(C)O)c(Br)c2)cc1Br,12.5994675
*CC(*)(C)C(=O)OC,14.29532166
*CC(*)(C)C(=O)OC(C(F)(F)F)(C(F)(F)F)C(F)(F)F,13.23674474
*CC(*)(C)C(=O)OC(C(F)(F)F)C(F)(F)F,12.6767809
*CC(*)(C)C(=O)OC(C)(C)C,12.18535631
*CC(*)(C)C(=O)OC(C)C(C)(C)C,10.99075229
*CC(*)(C)C(=O)OC(C)C(F)(F)F,13.75326334
*CC(*)(C)C(=O)OC(C)CC,12.66511883
*CC(*)(C)C(=O)OC(F)(C(F)(F)F)C(F)(F)Cl,14.48982121
*CC(*)(C)C(=O)OC(F)(C(F)(F)F)C(F)(F)F,15.38423682
*CC(*)(C)C(=O)OC(F)(F)C(F)(F)C(F)(F)C(F)(F)C(F)(F)C(F)(F)C(F)(F)C(F)(F)F,12.13515797
*CC(*)(C)C(=O)OC12CC3CC(C)(CC(C)(C3)C1)C2,10.05911169
*CC(*)(C)C(=O)OC12CC3CC(CC(C3)C1)C2,10.82663282
*CC(*)(C)C(=O)OC1CC(C)CC(C)(C)C1,10.34521471
*CC(*)(C)C(=O)OC1CC2CCC1(C)C2(C)C,10.2622674
*CC(*)(C)C(=O)OC1CCC(C(C)(C)C)CC1,10.86090269
*CC(*)(C)C(=O)OC1CCC(C)CC1,11.80505526
*CC(*)(C)C(=O)OC1CCCC(C)C1,10.34584016
*CC(*)(C)C(=O)OC1CCCCC1,10.8595327
*CC(*)(C)C(=O)OC1CCCCC1C,10.922036
*CC(*)(C)C(=O)OCC,13.61883804
*CC(*)(C)C(=O)OCC(C)(C)C,10.91862442
*CC(*)(C)C(=O)OCC(C)(C)C1OCC(C)(C)CO1,10.65097658
*CC(*)(C)C(=O)OCC(CC)CCCC,11.16194662
*CC(*)(C)C(=O)OCC(F)(F)C(F)(F)C(F)(F)C(F)(F)C(F)(F)C(F)(F)C(F)(F)F,12.88558494
*CC(*)(C)C(=O)OCC1(C)COC(C)(C)OC1,11.46248639
*CC(*)(C)C(=O)OCC1(C)COCOC1,10.74845321
*CC(*)(C)C(=O)OCC1CCCO1,11.83904224
*CC(*)(C)C(=O)OCCBr,15.26731429
*CC(*)(C)C(=O)OCCC#N,14.2239278
*CC(*)(C)C(=O)OCCC(C)(C)C,11.4609216
*CC(*)(C)C(=O)OCCCC,12.81294077
*CC(*)(C)C(=O)OCCCCC,11.58525278
*CC(*)(C)C(=O)OCCCCCC,11.78953051
*CC(*)(C)C(=O)OCCCCCCCC,11.61104884
*CC(*)(C)C(=O)OCCCCCCCCCC,10.58766356
*CC(*)(C)C(=O)OCCCCCCCCCCCC,11.1507459
*CC(*)(C)C(=O)OCCCCCCCCCCCCCC,11.14771595
*CC(*)(C)C(=O)OCCCCCCCCCCCCCCCCCC,12.32577198
*CC(*)(C)C(=O)OCCCCCCOc1ccc(-c2ccc(OC)cc2)cc1,12.60793073
*CC(*)(C)C(=O)OCCCCn1c2ccccc2c2ccccc21,11.45732375
*CC(*)(C)C(=O)OCCCl,14.37849945
*CC(*)(C)C(=O)OCCF,14.10579773
*CC(*)(C)C(=O)OCCN(C)C,12.3457196
*CC(*)(C)C(=O)OCCN(CC)CC,11.45757736
*CC(*)(C)C(=O)OCCN(CC)S(=O)(=O)C(F)(F)C(F)(F)C(F)(F)C(F)(F)C(F)(F)C(F)(F)C(F)(F)C(F)(F)F,12.31638522
*CC(*)(C)C(=O)OCCN(CC)c1ccc(/N=N/c2ccc([N+](=O)[O-])cc2)cc1,12.26891849
*CC(*)(C)C(=O)OCCNC(C)(C)C,11.94476747
*CC(*)(C)C(=O)OCCOC,13.61871523
*CC(*)(C)C(=O)OCCOCC,12.39029756
*CC(*)(C)C(=O)OCCS(=O)CC,12.05051013
*CC(*)(C)C(=O)OCC[N+](=O)[O-],14.1297443
*CC(*)(C)C(=O)OCCc1ccccc1,11.43837267
*CC(*)(C)C(=O)OCc1cccc([N+](=O)[O-])c1,11.3618897
*CC(*)(C)C(=O)OCc1ccccc1,12.3992761
*CC(*)(C)C(=O)OCc1ccccc1Cl,13.32041855
*CC(*)(C)C(=O)OCc1ccco1,12.32614241
*CC(*)(C)C(=O)Oc1c(Cl)c(Cl)c(Cl)c(Cl)c1Cl,14.15089535
*CC(*)(C)C(=O)Oc1ccc(C#N)cc1,12.9825722
*CC(*)(C)C(=O)Oc1ccc(C(C)(C)C)cc1,11.99542846
*CC(*)(C)C(=O)Oc1ccc(C)cc1,12.66351417
*CC(*)(C)C(=O)Oc1ccc(C)cc1C,12.26970455
*CC(*)(C)C(=O)Oc1ccc(CC#N)cc1,12.67707231
*CC(*)(C)C(=O)Oc1ccc2ccccc2c1,12.73790543
*CC(*)(C)C(=O)Oc1cccc(C)c1,12.06665155
*CC(*)(C)C(=O)Oc1ccccc1,13.34805903
*CC(*)(C)C(=O)Oc1ccccc1C,13.62318206
*CC(*)(C)C(C)=O,15.25957674
*CC(*)(C)C(N)=O,16.36913311
*CC(*)(C)c1ccc(C(C)C)cc1,12.41984319
*CC(*)(C)c1ccccc1,14.83591616
*CC(*)(CC(=O)OC1CCCCC1)C(=O)OC1CCCCC1,10.04778986
*CC(*)(CC(=O)OCC)C(=O)OCC,13.08823383
*CC(*)(CC(=O)OCCC)C(=O)OCCC,11.16357076
*CC(*)(CC(=O)OCCCC)C(=O)OCCCC,10.50145976
*CC(*)(CC(=O)OCCCCC)C(=O)OCCCCC,10.24635518
*CC(*)(CC(=O)OCCCCCC)C(=O)OCCCCCC,10.01915881
*CC(*)(CC(=O)OCCCc1ccccc1)C(=O)OCCCc1ccccc1,10.10003467
*CC(*)(CC(=O)OCCc1ccccc1)C(=O)OCCc1ccccc1,10.74609762
*CC(*)(CC(=O)OCc1ccccc1)C(=O)OCc1ccccc1,10.67770667
*CC(*)(CC(=O)Oc1ccc(C)cc1)C(=O)Oc1ccc(C)cc1,11.04114403
*CC(*)(CC(=O)Oc1cccc(C)c1)C(=O)Oc1cccc(C)c1,10.97057697
*CC(*)(CC(=O)Oc1ccccc1)C(=O)Oc1ccccc1,11.69552442
*CC(*)(CC(=O)Oc1ccccc1C)C(=O)Oc1ccccc1C,11.34414762
*CC(*)(CC)C(=O)OCC,12.48037065
*CC(*)(CF)C(=O)OC,18.18607796
*CC(*)(CF)C(=O)OCC,13.63736539
*CC(*)(Cl)C(=O)OC(C)C,15.80245006
*CC(*)(Cl)C(=O)OC(C)CC,14.79567929
*CC(*)(Cl)C(=O)OC1CCCCC1,12.33320291
*CC(*)(Cl)C(=O)OCC,16.552184
*CC(*)(Cl)C(=O)OCCC,12.27540357
*CC(*)(Cl)C(=O)OCCCC,13.37410592
*CC(*)(F)C(=O)OCCC(F)(F)C(F)(F)C(F)(F)C(F)(F)C(F)(F)C(F)(F)C(F)(F)C(F)(F)C(F)(F)C(F)(F)F,12.86015216
*CC(*)C,15.63619856
*CC(*)C#N,20.43708909
*CC(*)C(=O)C(C)C,12.63604574
*CC(*)C(=O)C1CCCCC1,11.28939719
*CC(*)C(=O)N(C(C)C)C(C)C,11.58798505
*CC(*)C(=O)N(C)C,14.4722603
*CC(*)C(=O)N(C)c1ccccc1,11.67331343
*CC(*)C(=O)N(CCCC)CCCC,10.87629214
*CC(*)C(=O)N1CCOCC1,11.35819502
*CC(*)C(=O)NC(C)(C)C,12.90682668
*CC(*)C(=O)NC(C)C,13.50097132
*CC(*)C(=O)NC(C)CC,12.6370902
*CC(*)C(=O)NCCCC,11.69729541
*CC(*)C(=O)NCCCCCC(=O)O,11.78404643
*CC(*)C(=O)NCCCCCCCC/C=C/CCCCCCCC,12.94376545
*CC(*)C(=O)NCCCCCCCCCCCC,11.87004823
*CC(*)C(=O)NCCCCCCCCCCCCCC,11.91385451
*CC(*)C(=O)NCCCCCCCCCCCCCCCC,12.35489175
*CC(*)C(=O)NCCCCCCCCCCCCCCCCCC,12.90114502
*CC(*)C(=O)OC(C)CC(C)C,11.11375504
*CC(*)C(=O)OC(C)CCC(CC)CCCC,10.36326711
*CC(*)C(=O)OC(C)CCCCC,11.17976548
*CC(*)C(=O)OC(C)CCCCCC,11.2218737
*CC(*)C(=O)OC(CC)CC,12.41393583
*CC(*)C(=O)OC(CCC(CC)CCCC)CC(C)C,10.23167095
*CC(*)C(=O)OC(F)(C(F)(F)F)C(F)(F)F,14.21742857
*CC(*)C(=O)OC12CC3CC(C)(CC(C)(C3)C1)C2,9.767195327
*CC(*)C(=O)OC1CC(C)CC(C)(C)C1,11.78379961
*CC(*)C(=O)OC1CCCCC1,11.16519036
*CC(*)C(=O)OCC,14.48303439
*CC(*)C(=O)OCC(C)(C)C,13.30665929
*CC(*)C(=O)OCC(C)CC,13.54986722
*CC(*)C(=O)OCC(C)CCC,12.10743643
*CC(*)C(=O)OCC(CC)CC,12.27591848
*CC(*)C(=O)OCC(CC)CCCC,10.99379023
*CC(*)C(=O)OCCC#N,14.52014103
*CC(*)C(=O)OCCC(C)C,11.86917301
*CC(*)C(=O)OCCC(C)OC,13.18729468
*CC(*)C(=O)OCCCC,12.71172021
*CC(*)C(=O)OCCCCCC,11.92379481
*CC(*)C(=O)OCCCCCC(=O)Oc1ccc(-c2ccc(C#N)cc2)cc1,12.97526971
*CC(*)C(=O)OCCCCCCCCC,10.93715508
*CC(*)C(=O)OCCCCCCCCCCCCCC,11.51022625
*CC(*)C(=O)OCCCCCCCCCCCCCCCC,12.59659455
*CC(*)C(=O)OCCCCCCCCCCCCCCCCCC,13.46584828
*CC(*)C(=O)OCCCCCCCCCCCCCCCCCCCCCC,13.56836556
*CC(*)C(=O)OCCCCCCOc1ccc(C(=O)Oc2ccc(C#N)cc2)cc1,13.394951
*CC(*)C(=O)OCCCCCCSCC#N,13.18158821
*CC(*)C(=O)OCCCCSC,12.27513461
*CC(*)C(=O)OCCCSC,12.36347326
*CC(*)C(=O)OCCCSCC,13.79806606
*CC(*)C(=O)OCCCSCCC#N,12.13020166
*CC(*)C(=O)OCCN(CC)c1ccc(/N=N/c2ccc([N+](=O)[O-])cc2)cc1,12.43938389
*CC(*)C(=O)OCCSC,15.7280871
*CC(*)C(=O)OCCSCC,14.51100233
*CC(*)C(=O)OCCSCC#N,13.88465277
*CC(*)C(=O)OCCSCCC#N,13.24819081
*CC(*)C(=O)OCCSCCCC#N,12.35091595
*CC(*)C(=O)OCCc1ccccc1,12.57995644
*CC(*)C(=O)OCc1ccc(C#N)cc1,11.86407254
*CC(*)C(=O)OCc1ccccc1,13.15993394
*CC(*)C(=O)Oc1c(Cl)c(Cl)c(Cl)c(Cl)c1Cl,15.64579264
*CC(*)C(=O)Oc1ccc(-c2ccccc2)cc1,11.54820166
*CC(*)C(=O)Oc1ccc(C#N)cc1,13.89490111
*CC(*)C(=O)Oc1ccc(C(=O)OCCCC)cc1,12.11326982
*CC(*)C(=O)Oc1ccc(C(C)(C)C)cc1,10.3213082
*CC(*)C(=O)Oc1ccc(C)cc1,13.5752804
*CC(*)C(=O)Oc1ccc(Cl)cc1,14.07962276
*CC(*)C(=O)Oc1ccc(Cl)cc1Cl,15.04038649
*CC(*)C(=O)Oc1ccc(OC)cc1,14.44836262
*CC(*)C(=O)Oc1cccc(C)c1,13.42046484
*CC(*)C(=O)Oc1cccc(N(C)C)c1,12.53190731
*CC(*)C(=O)Oc1cccc2ccccc12,12.47317176
*CC(*)C(=O)Oc1ccccc1,13.43533854
*CC(*)C(=O)Oc1ccccc1C,12.7374634
*CC(*)C(=O)Oc1ccccc1C(C)(C)C,11.30667741
*CC(*)C(=O)Oc1ccccc1Cl,13.82994352
*CC(*)C(=O)c1ccc(C(C)(C)C)cc1,10.58961551
*CC(*)C(=O)c1ccc(C)cc1,11.41539018
*CC(*)C(C)=O,17.46864859
*CC(*)C(C)C,12.12922155
*CC(*)C(C)CC,10.88423334
*CC(*)C1CC1,14.17497209
*CC(*)C1CC=CCC1,12.70353444
*CC(*)C=C(C)C,12.78661329
*CC(*)C=O,19.22062685
*CC(*)CC,13.87291346
*CC(*)CC(C)(C)C,11.55027129
*CC(*)CC(C)C,11.25375484
*CC(*)CC(C)C(F)(F)F,13.31500903
*CC(*)CC1CCCCC1,9.943107453
*CC(*)CCC,12.33123131
*CC(*)CCC(C)C,12.17429097
*CC(*)CCC(C)CC,11.37248496
*CC(*)CCCC,12.02548488
*CC(*)CCCCC,12.37609961
*CC(*)CCCCCCC,10.79657738
*CC(*)CCCCCCCC,11.50351128
*CC(*)CCCCCCCCC,10.8952526
*CC(*)CCCCCCCCCC,11.10583978
*CC(*)CCCCCCCCCCC,10.73852636
*CC(*)CCCCCCCCCCCC,11.32200697
*CC(*)CCCCCCCCCCCCC,11.57516404
*CC(*)CCCCCCCCCCCCCC,11.75279889
*CC(*)CCCN(CC(C)C)CC(C)C,9.7283551
*CC(*)CNc1ccc([N+](=O)[O-])cn1,12.89532483
*CC(*)Cl,21.12197193
*CC(*)O,22.51988264
*CC(*)OC,16.476876
*CC(*)OC(=O)C1(F)C(F)(F)C(F)(F)C(F)(F)C(F)(F)C1(F)F,13.56949767
*CC(*)OC(=O)CC,14.03059072
*CC(*)OC(=O)CCCCCCCCCCC,11.53444859
*CC(*)OC(=O)CCCCCCCCCCCCCCC,12.0896889
*CC(*)OC(=O)CCCCCCCCCCCCCCCCC,12.48057398
*CC(*)OC(=O)CCCCCCCCCCCCCCCCCCCCC,13.69025537
*CC(*)OC(=O)c1ccc(OC(=O)CCC)cc1,12.25368206
*CC(*)OC(=O)c1ccccc1,13.40000836
*CC(*)OC(C)C,13.44308483
*CC(*)OCC,15.66973123
*CC(*)OCCCCCCCCCCCCCCCCCC,12.10790061
*CC(*)O[N+](=O)[O-],17.27231362
*CC(*)c1c([2H])c([2H])c([2H])c([2H])c1[2H],14.83081456
*CC(*)c1cc(-c2ccc(C(=O)OC(C)CCCCCC)cc2)ccc1-c1ccc(C(=O)OC(C)CCCCCC)cc1,10.01820949
*CC(*)c1cc(Br)ccc1OCC,13.17144668
*CC(*)c1cc(Br)ccc1OCCCC,12.90254496
*CC(*)c1cc(C(C)(C)C)ccc1C,12.50033571
*CC(*)c1cc(C(C)C)ccc1C(C)C,11.48207818
*CC(*)c1cc(C)ccc1C,13.45177375
*CC(*)c1cc(C)ccc1F,13.40669452
*CC(*)c1cc(Cl)ccc1Cl,15.81204712
*CC(*)c1cc(F)ccc1F,14.49605377
*CC(*)c1ccc(-c2ccc3c(c2)C(CCCCCC)(CCCCCC)c2cc(-c4ccc5c(c4)C(CCCCCC)(CCCCCC)c4ccccc4-5)ccc2-3)cc1,12.74028627
*CC(*)c1ccc(-c2ccc3c(c2)C(CCCCCC)(CCCCCC)c2ccccc2-3)cc1,10.82333757
*CC(*)c1ccc(C(=O)O)c(C(=O)O)c1,13.53424751
*CC(*)c1ccc(C(=O)OC)cc1,13.1037956
*CC(*)c1ccc(C(=O)OCCN(C)C)cc1,11.6806072
*CC(*)c1ccc(C(C)(C)O)cc1,12.4288407
*CC(*)c1ccc(C(C)=O)cc1,14.74755617
*CC(*)c1ccc(C(C)C)cc1C(C)C,10.87873099
*CC(*)c1ccc(C)cc1,14.54352841
*CC(*)c1ccc(C)cc1C,12.1318108
*CC(*)c1ccc(CCC)cc1,13.03650471
*CC(*)c1ccc(CCCCCCCC)cc1,11.37694228
*CC(*)c1ccc(CCCCCCCCC)cc1,11.44773012
*CC(*)c1ccc(CCCCCCCCCC)cc1,11.38875554
*CC(*)c1ccc(CCCCCCCCCCCC)cc1,11.9470464
*CC(*)c1ccc(CCCCCCCCCCCCCC)cc1,12.56559059
*CC(*)c1ccc(CCCCCCCCCCCCCCCC)cc1,12.88977254
*CC(*)c1ccc(CCCCCCCCCCCCCCCCCC)cc1,13.54553558
*CC(*)c1ccc(COCC(CC)CCCC)cc1,11.12376829
*CC(*)c1ccc(COCCCCCCOc2ccc(-c3ccc(OC)cc3)cc2)cc1,13.64379867
*CC(*)c1ccc(COCCOCCCCCCCC)cc1,11.54920484
*CC(*)c1ccc(COc2ccc(-c3ccc(C#N)cc3)cc2)cc1,12.90310493
*CC(*)c1ccc(Cl)cc1,17.89940277
*CC(*)c1ccc(Cl)cc1C,13.55500415
*CC(*)c1ccc(Cl)cc1Cl,14.20802348
*CC(*)c1ccc(F)cc1,16.36886102
*CC(*)c1ccc(F)cc1C,15.55720188
*CC(*)c1ccc(O)c(OC)c1,14.62592281
*CC(*)c1ccc(O)cc1,13.91356146
*CC(*)c1ccc(OC(C)=O)cc1,13.82349277
*CC(*)c1ccc(S(=O)(=O)O)cc1,14.50652497
*CC(*)c1cccc(Cl)c1,14.9638119
*CC(*)c1cccc(N(c2ccc(C)cc2)c2ccc(C)cc2)c1,10.58513595
*CC(*)c1cccc(NC(C)=O)c1,12.26908267
*CC(*)c1cccc(OC(C)=O)c1,14.19064142
*CC(*)c1cccc2ccccc12,12.95937506
*CC(*)c1ccccc1C,11.81194142
*CC(*)c1ccccc1CC,13.27096728
*CC(*)c1ccccc1COC(C)C,12.10539551
*CC(*)c1ccccc1COCCC,12.52488555
*CC(*)c1ccccc1COCCC(C)C,10.79545525
*CC(*)c1ccccc1COCCCC,11.37399833
*CC(*)c1ccccc1COCCCCC,11.1484409
*CC(*)c1ccccn1,14.84520894
*CC(*)c1cccs1,15.89865681
*CC(*)n1c2ccccc2c2ccccc21,11.82300548
*CC(*)n1cc2ccccc2n1,13.9727997
*CC(C)(C)CS(*)(=O)=O,16.55092442
*CC(C)(C)CS(=O)(=O)CC(C)(C)COC(=O)O*,17.59804845
*CC(C)(C)O*,13.695157
*CC(C)S(*)(=O)=O,20.99132259
*CC(CC(*)(C#N)C(=O)OC)c1ccccc1,16.39022868
*CC(CCCCCCCCCCCCCCCC)C1C(=O)N(CCCCCCCCCCCC)C(=O)C1*,11.65178394
*CC(CCl)(CCl)O*,14.62361719
*CC(O*)c1ccccc1,12.8198381
*CC1(*)CCCCC1,12.99416817
*CC1CCC(*)C1,21.77794424
*CCC(*)=O,22.19638383
*CCC(C(=O)OCC)C(*)C(=O)OCC,17.46362519
*CCC(C)=C(*)C,14.53648643
*CCC(C)CCC(=O)O*,20.5666232
*CCC(Cl)C(*)Cl,21.78634698
*CCC([2H])C(*)([2H])C,19.33954208
*CCC1CC(*)C2C3CCC(C3)C12,15.81211052
*CCC1CCC(*)C1,25.78669657
*CCC=C(*)C(C)(C)C,13.57731025
*CCC=C(*)CCCCCCCCCC,13.05800565
*CCCC(*)(C)C,15.7837124
*CCCC(*)(C)C(=O)O,14.52607342
*CCCC(=O)NCc1ccc(CNC(=O)CCCO*)cc1,20.18778178
*CCCC1CC(=O)N(*)C(=O)C1,17.92550338
*CCCC=C(*)c1ccc(Cl)cc1,16.28575806
*CCCCCC(*)CCCCCC,16.82724961
*CCCCCC(*)CCCCCCCC,14.0622995
*CCCCCC(*)CCCCCCCCCC,15.17699114
*CCCCCC(*)CCCCCCCCCCCCCC,14.47745133
*CCCCCC(=O)O*,18.83367597
*CCCCCCC(=O)NCCCCCCNC(=O)CCCCCCO*,21.61972619
*CCCCCCCC(*)C,19.12833616
*CCCCCCCCC(=O)NCCCCCCNC(=O)CCCCCCCCO*,20.81346955
*CCCCCCCCC(=O)NCCCCCCNC(=O)CCCCO*,20.96547901
*CCCCCCCCC(=O)NCCCCCCNC(=O)CCCO*,18.75749252
*CCCCCCCCC(=O)NCCCCCOCCCCCNC(=O)CCCCO*,19.44997486
*CCCCCCCCC(=O)NCCCCCOCCCCCNC(=O)CCCO*,16.89480393
*CCCCCCCCCCC(=O)NCCCCCC(=O)N*,19.36818383
*CCCCCCCCCCC(=O)NCCCCCCNC(=O)CCCCO*,24.65708372
*CCCCCCCCCCC(=O)NCCCCCCNC(=O)CCCO*,20.55029983
*CCCCCCCCCCC(=O)NCCCCCOCCCCCNC(=O)CCCCO*,19.75537697
*CCCCCCCCCCC(=O)NCCCCCOCCCCCNC(=O)CCCO*,22.28109939
*CCCCCCCCCCC(=O)NCCc1ccc(CCNC(=O)CCCCCCCCCCS*)cc1,22.76143272
*CCCCCCCCCCC(=O)NCc1ccc(CNC(=O)CCCCCCCCCCS*)cc1,21.13686578
*CCCCCCCCCCC(Cl)C(*)Cl,22.70085055
*CCCCCCCCCCC(c1ccc(O)cc1)C(*)c1ccc(O)cc1C,16.72244264
*CCCCCCCCCCCC(=O)N*,21.42021733
*CCCCCCCCCCCC(c1ccc(O)cc1)C(*)c1ccc(O)cc1C,17.25139441
*CCCCCCCCCCCCC(c1ccc(O)cc1)C(*)c1ccc(O)cc1C,19.25364485
*CCCCCCCCCCCCCCC(*)Cl,21.91642918
*CCCCCCCCCCCCCCC(=O)N*,23.00931982
*CCCCCCCCCCCCCCC(=O)O*,18.2412139
*CCCCCCCCCCCCCCCCCCCCC(*)COCCOCCOCCOCCOCCCCCC,18.76168306
*CCCCCCCCCCCCCCCCCCCCC(*)COCCOCCOCCOCCOCCCCCCCCCCCCCC,18.64436035
*CCCCCCCCCCCCCCCCCCCCC(*)Cl,22.5555845
*CCCCCCCCCCCCCCCCCCCCCC(=O)N*,21.86411406
*CCCCCCCCCCCCCCCCCCCCCCOC(=O)CCC(=O)O*,22.64614546
*CCCCCCCCCCCCCCCCCCCCCCOC(=O)CCCCC(=O)O*,19.43446517
*CCCCCCCCCCCCCCCCCCCCOC(=O)C(=O)O*,22.92381656
*CCCCCCCCCCCCCCCCCCCCOC(=O)CC(=O)O*,19.41376744
*CCCCCCCCCCCCCCCCCCCCOC(=O)CCC(C)CC(=O)O*,19.1607057
*CCCCCCCCCCCCCCCCCCCCOC(=O)CCCC(=O)O*,20.12266872
*CCCCCCCCCCCCCCCCCCCCOC(=O)CCCCC(=O)O*,23.96801429
*CCCCCCCCCCCCCCCCCCCCOC(=O)CCCCCC(=O)O*,22.86240687
*CCCCCCCCCCCCCCCCCCCCOC(=O)CCCCCCC(=O)O*,20.14069114
*CCCCCCCCCCCCCCCCCCCCOC(=O)CCCCCCCC(=O)O*,20.57750836
*CCCCCCCCCCCCCCCCCCCCOC(=O)CCCCSCCCCC(=O)O*,18.71887364
*CCCCCCCCCCCCCCCCCCCCOC(=O)COCC(=O)O*,21.36408001
*CCCCCCCCCCCCCCCCCCCCc1nnc(*)o1,21.82969596
*CCCCCCCCCCCCCCCCCCNC(=O)CCCCCCCCCCC(=O)N*,20.23441523
*CCCCCCCCCCCCCCCCCCNC(=O)CCCCCCCCCCCCCCCCC(=O)N*,22.40951609
*CCCCCCCCCCCCCCCCCCNC(=O)CCc1ccc(CCC(=O)N*)cc1,21.36882265
*CCCCCCCCCCCCCCCCCCOCO*,20.46039767
*CCCCCCCCCCCCCCCCOC(=O)CCCCCCCCC(=O)O*,22.06826429
*CCCCCCCCCCCCCCCC[N+](C)(C)CCCCCC[N+](*)(C)C,20.26505078
*CCCCCCCCCCCCCCNC(=O)CCCCCCCCC(=O)N*,18.81872143
*CCCCCCCCCCCCCCNC(=O)CCCCCCCCCCC(=O)N*,23.16076788
*CCCCCCCCCCCCCCNC(=O)CCCCCCCCCCCCCCCCC(=O)N*,21.34846534
*CCCCCCCCCCCCCCNC(=O)CCCCCCCCCCCCCCCCCCCCC(=O)N*,21.89554378
*CCCCCCCCCCCCCCNC(=O)NCCCCCCNC(=O)N*,18.42693992
*CCCCCCCCCCCCCCOC(=O)CCCCC(=O)O*,21.38435354
*CCCCCCCCCCCCCCOC(=O)CCCCCCC(=O)O*,21.54233832
*CCCCCCCCCCCCCCS*,22.79770371
*CCCCCCCCCCCCCCc1ccc(-c2c(-c3ccccc3)cc(-c3ccc(-c4cc(-c5ccccc5)c(-c5ccc(*)cc5)c(-c5ccccc5)c4-c4ccccc4)cc3)c(-c3ccccc3)c2-c2ccccc2)cc1,20.47027569
*CCCCCCCCCCCCCNC(=O)CCCCCCCCCCCC(=O)N*,22.20373128
*CCCCCCCCCCCCNC(=O)CCCCC(=O)N*,22.08425305
*CCCCCCCCCCCCNC(=O)CCCCCCCCCCCCC(=O)N*,22.53219601
*CCCCCCCCCCCCNC(=O)CCCCCCCCCCCCCCCCCCCCC(=O)N*,22.00194528
*CCCCCCCCCCCCNC(=O)NCCCCCCNC(=O)N*,17.68935554
*CCCCCCCCCCCCO*,24.21423422
*CCCCCCCCCCCCOC(=O)CCCCC(=O)O*,19.57740116
*CCCCCCCCCCCCOC(=O)CCCCCCC(=O)O*,19.58490022
*CCCCCCCCCCCCOC(=O)CCCCCCCCCCCCC(=O)O*,20.53765653
*CCCCCCCCCCCCOC(=O)CCCCCNC(=O)CCCCC(=O)NCCCCCC(=O)O*,19.39078981
*CCCCCCCCCCCNC(=O)CCCCC(=O)N*,21.59948372
*CCCCCCCCCCCNC(=O)CCCCCCCCC(=O)NCCCCCCCCCCCNC(=O)C(=O)N*,21.31594048
*CCCCCCCCCCCNC(=O)CCCCCCCCCCCCCCCCCCC(=O)N*,24.48690078
*CCCCCCCCCCCSCCCCCCS*,21.98769917
*CCCCCCCCCCNC(=O)C(CCCCCCCCCCCC)C(=O)N*,16.27222852
*CCCCCCCCCCNC(=O)CC/C=C/CCC(=O)N*,18.83632464
*CCCCCCCCCCNC(=O)CCCCCCC(=O)N*,22.25983328
*CCCCCCCCCCNC(=O)CCCCCCCCC(=O)N*,22.1235356
*CCCCCCCCCCNC(=O)CCCCCCCCC(=O)NCCCCCCCCCCNC(=O)C(=O)N*,21.885982
*CCCCCCCCCCNC(=O)CCCCCCCCCCCC(=O)N*,24.40781229
*CCCCCCCCCCNC(=O)CCCCCCCCCCCCC(=O)N*,18.99975515
*CCCCCCCCCCNC(=O)CCCCCCCCCCCCCCC(=O)N*,23.47308455
*CCCCCCCCCCNC(=O)CCCCCCCCCCCCCCCCCCC(=O)N*,24.81577292
*CCCCCCCCCCNC(=O)CCCCCCCCCCCCCCCCCCCCC(=O)N*,21.19385371
*CCCCCCCCCCNC(=O)NCCCCCCCCNC(=O)N*,20.6076312
*CCCCCCCCCCOC(=O)CCCCCCC(=O)O*,22.70955044
*CCCCCCCCCCOC(=O)CCCCCCCC(=O)O*,23.93933283
*CCCCCCCCCCOC(=O)CCCCCCCCC(=O)O*,21.56106622
*CCCCCCCCCCOC(=O)CCCCCCCCCCCCCCCCC(=O)O*,20.54848101
*CCCCCCCCCCOC(=O)CCCCCNC(=O)CCCCC(=O)NCCCCCC(=O)O*,19.25074729
*CCCCCCCCCCOCCCCCCCCCCOCCCCO*,21.18686489
*CCCCCCCCCCOCCCCCCOCCCCCCO*,21.78044662
*CCCCCCCCCCOc1ccc(OC(=O)c2ccc(OCCCCCCOc3ccc(C(=O)Oc4ccc(O*)cc4)cc3)cc2)cc1,26.55570698
*CCCCCCCCCCSCCCCCCS*,28.27457475
*CCCCCCCCCCSSCCCCCCSS*,21.63979729
*CCCCCCCCCNC(=O)CCCCCCCC(=O)N*,22.95997032
*CCCCCCCCCNC(=O)CCCCCCCCC(=O)N*,20.75684225
*CCCCCCCCCNC(=O)CCCCCCCCC(=O)NCCCCCCCCCNC(=O)C(=O)N*,18.37068887
*CCCCCCCCCNC(=O)CCCCCCCCCC(=O)N*,25.4839371
*CCCCCCCCCOC(=O)CCCCCCCC(=O)O*,20.56975581
*CCCCCCCCNC(=O)CCCCCCCC(=O)N*,19.77502946
*CCCCCCCCNC(=O)CCCCCCCCC(=O)NCCCCCCCCNC(=O)C(=O)N*,22.44231118
*CCCCCCCCNC(=O)CCCCCCCCCCC(=O)N*,22.0513884
*CCCCCCCCNC(=O)CCCCCCCCCCCCCCC(=O)N*,21.08607303
*CCCCCCCCNC(=O)CCCCCCCCCCCCCCCCC(=O)N*,21.13049646
*CCCCCCCCNC(=O)CCCCCCCCCCCCCCCCCCCCC(=O)N*,23.85283439
*CCCCCCCNC(=O)C(CCCCCCCCCCCC)C(=O)N*,13.84301628
*CCCCCCCNC(=O)CCCCCCCCC(=O)N*,20.0736371
*CCCCCCCNC(=O)CCCCCCCCCC(=O)N*,22.70774878
*CCCCCCCNC(=O)CCCCCCCCCCCCCCCCCCC(=O)N*,21.54347658
*CCCCCCN(C)C(=O)CCCCCCCCCCCCCCCCC(=O)N(*)C,19.92649972
*CCCCCCNC(=O)C(CCCCCCCCCCCCC)C(=O)N*,13.5860206
*CCCCCCNC(=O)C(CCCCCCCCCCCCCCC)C(=O)N*,15.49662691
*CCCCCCNC(=O)C(CCCCCCCCCCCCCCCC)C(=O)N*,13.96037752
*CCCCCCNC(=O)C(CCCCCCCCCCCCCCCCC)C(=O)N*,16.83151528
*CCCCCCNC(=O)CCCCCCCCCCCCC(=O)N*,22.40485025
*CCCCCCNC(=O)CCCCCCCCCCCCCCC(=O)N*,25.33874374
*CCCCCCNC(=O)CCCCCCCCCCCCCCCCC(=O)N*,20.51606091
*CCCCCCNC(=O)N*,23.54088095
*CCCCCCS(*)(=O)=O,20.45790421
*CCCCCCS(=O)(=O)CCCCCS(*)(=O)=O,18.44065947
*CCCCCNC(=O)CCCCCCCCCCCC(=O)N*,21.69094086
*CCCCCNC(=O)CCCCCCCCCCCCC(=O)N*,18.89913865
*CCCCCNC(=O)CCCCCCCCCCCCCCCCC(=O)N*,20.46088256
*CCCCCNC(=O)CCCCCCCCCCCCCCCCCCC(=O)N*,20.51772176
*CCCCCNC(=O)CCCCCCCCOCCCCCCCCC(=O)NCCCCCO*,20.89267331
*CCCCCNC(=O)CCCCCCOCCCCCCC(=O)NCCCCCO*,19.41025454
*CCCCCNC(=O)O*,20.62252342
*CCCCNC(=O)CCCCC(=O)N*,18.074599
*CCCCNC(=O)CCCCCCC(=O)N*,18.29004994
*CCCCNC(=O)CCCCCCCCCC(=O)N*,22.50813311
*CCCCNC(=O)CCCCCCCCCCCCCCC(=O)N*,22.41096002
*CCCCOC(=O)CCCCCCCCCCCCCCCCCCCCCCCCCCCCCCCCCCC(=O)O*,25.68405963
*CCCN*,19.40336561
*CCCNC(=O)CCCCCCCCCCCCCCCCCCC(=O)N*,20.46241251
*CCCNS(*)(=O)=O,21.72486866
*CCCOC(=O)C1CCC(C(=O)O*)CC1,20.95656384
*CCCOC(=O)CCCCCCCCCCCCCCCCC(=O)O*,21.46640792
*CCCS(*)(=O)=O,19.8097907
*CCN(*)C(=O)CCCCCCCCCCCCCCC,12.67666102
*CCN(*)C(=O)CCCCCCCCCCCCCCCCC,12.96507874
*CCN*,16.50971705
*CCNC(=O)CCCCCCCCC(=O)N*,16.962466
*CCNC(=O)CCCCCCCCCCCCCCCCC(=O)N*,19.09375808
*CCOC(=O)CCCCSCCCCC(=O)O*,19.93042453
*CCOCCOC(=O)CCCCCCCCCCCCCCCCC(=O)O*,23.57437713
*CCS*,21.83251301
*CCc1c(Cl)c(Cl)c(*)c(Cl)c1Cl,22.58883992
*CCc1ccc(*)c2ccccc12,20.17560548
*CCc1ccc(*)o1,21.29011365
*CCc1ccc(*)s1,25.29233638
*CCc1ccc(-c2ccc(*)cc2)cc1,30.03662597
*CCc1ccc(CCNC(=O)CCCCCCCCCCCCCCCC(=O)N*)cc1,20.56020443
*CCc1ccc(CCNC(=O)CCCCCCCCCCCCCCCCC(=O)N*)cc1,20.09079341
*CCc1ccc(CCNC(=O)CCCCCCCCCCCCCCCCCCCCC(=O)N*)cc1,22.57031329
*CO*,21.59688826
*CS*,21.43297913
*Cc1ccc(CNC(=O)CCCCCCCCCCCCCCCCC(=O)N*)cc1,19.70952259
*Nc1ccc(*)cc1CCCCCCCCCCCCCCC,16.45604164
*Nc1ccc(*)cc1OCCCCCCCCCCCCCCCC,14.9826959
*OC(*)C(Cl)(Cl)Cl,18.35760963
*OC(*)CCC#N,13.31406094
*OC(=O)CCCCCC(*)=O,17.5417392
*OC1CCCCC1*,14.6102827
*ON(C(F)(F)F)C(F)(F)C(*)(F)F,17.31090487
*OS(=O)(=O)c1ccc(-c2ccc(S(=O)(=O)Oc3ccc(-c4ccc(*)cc4)cc3)cc2)cc1,23.22098571
*OS(=O)(=O)c1cccc(C(=O)c2cccc(S(=O)(=O)Oc3ccc(C(C)(C)c4ccc(*)cc4)cc3)c2)c1,16.18613012
*Oc1c(-c2ccccc2)cc(*)cc1-c1ccccc1,16.01472431
*Oc1c(C)cc(*)cc1-c1ccccc1,15.57570307
*Oc1c(C)cc(*)cc1C,16.3810139
*Oc1cc(CCC)cc(OC(=O)c2cccc(C(*)=O)c2)c1,19.71902254
*Oc1ccc(-c2ccc(-c3cc(-c4ccccc4)c(-c4ccc(-c5ccc(OC(=O)c6ccc(C(*)=O)cc6-c6ccccc6)cc5)cc4)c(-c4ccccc4)c3-c3ccccc3)cc2)cc1,27.63852935
*Oc1ccc(C(=O)c2ccc(*)cc2)cc1,25.66079856
*Oc1ccc(C(C)(C)c2ccc(OC(=O)CN(CC(*)=O)c3ccc(/N=N/c4ccc([N+](=O)[O-])cc4)cc3)cc2)cc1,16.76101041
*Oc1ccc(C(C)(C)c2ccc(OC(=O)c3ccc(C(*)=O)cc3)cc2)cc1,25.54111019
*Oc1ccc(C(C)(C)c2ccc(OC(=O)c3cccc(C(*)=O)c3)cc2)cc1,18.7163871
*Oc1ccc(C(C)(C)c2ccc(Oc3ccc(C(=O)Nc4ccc(-c5ccc(NC(=O)c6ccc(*)cc6)cc5C(F)(F)F)c(C(F)(F)F)c4)cc3)cc2)cc1,27.69445684
*Oc1ccc(C2(c3ccc(OC(*)=O)cc3)CC(C)CC(C)(C)C2)cc1,17.75581966
*Oc1ccc(C2(c3ccc(OC(*)=O)cc3)CC3CCC2C3)cc1,20.59461102
*Oc1ccc(NC(=O)CCCCCCCCCC(=O)Nc2ccc(*)cc2)cc1,27.22066116
*Oc1ccc(OC(=O)CCCCCCCCC(*)=O)cc1,23.48222813
*Oc1ccc(Oc2ccc(C(=O)c3ccccc3-c3ccccc3C(=O)c3ccc(*)cc3)cc2)cc1,17.8866103
*Oc1ccc(Oc2ccc(Oc3ccc(S(=O)(=O)c4ccc(*)cc4)cc3)cc2)cc1,24.89017712
*Oc1ccc(S(=O)(=O)c2ccc(Oc3c(C)cc(C(C)(C)c4cc(C)c(*)c(C)c4)cc3C)cc2)cc1,13.70570836
*Oc1ccc(S(=O)(=O)c2ccc(Oc3c(C)cc(C(c4cc(C)c(*)c(C)c4)(C(F)(F)F)C(F)(F)F)cc3C)cc2)cc1,21.11102867
*Oc1ccc(S(=O)(=O)c2ccc(Oc3c(C)cc(Cc4cc(C)c(*)c(C)c4)cc3C)cc2)cc1,20.42938322
*Oc1ccc(S(=O)(=O)c2ccc(Oc3ccc(-c4ccc(*)cc4)cc3)cc2)cc1,22.21547246
*Oc1ccc(S(=O)(=O)c2ccc(Oc3ccc(C(C)(C)c4ccc(*)c(C)c4)cc3C)cc2)cc1,20.44800803
*Oc1ccc(S(=O)(=O)c2ccc(Oc3ccc(C(C)(C)c4ccc(*)cc4)cc3)cc2)cc1,22.20715615
*Oc1ccc(S(=O)(=O)c2ccc(Oc3ccc(C(C)(c4ccccc4)c4ccc(*)cc4)cc3)cc2)cc1,21.53470493
*Oc1ccc(S(=O)(=O)c2ccc(Oc3ccc(C4(c5ccc(*)cc5)c5ccccc5-c5ccccc54)cc3)cc2)cc1,19.41986966
*Oc1ccc(S(=O)(=O)c2ccc(Oc3ccc(Cc4ccc(*)cc4)cc3)cc2)cc1,21.96383699
*Oc1ccc2c(c1)C1(CC2(C)C)CC(C)(C)c2ccc(OC(*)=O)cc21,12.92707658
*Oc1ccc2c(c1)C1(CC2(C)C)CC(C)(C)c2ccc(OC(=O)c3ccc(C(*)=O)cc3)cc21,16.97613627
*Oc1ccc2c(c1)C1(CC2(C)C)CC(C)(C)c2ccc(OC(=O)c3cccc(C(*)=O)c3)cc21,15.18496739
*Oc1cccc(NC(=O)CCCCCCCCCCC(=O)Nc2ccc(*)cc2)c1,21.51389258
*Oc1cccc(OC(=O)c2ccc(C(C)(C)c3ccc(C(*)=O)cc3)cc2)c1,21.991583
*SC(*)(F)F,24.17920498
*Sc1c(C)cc(*)cc1C,18.9131789
*Sc1ccc(*)cc1,21.1652389
*c1[nH]c(*)c(CC(=O)OCCCCCCCCCCCC)c1CC(=O)OCCCCCCCCCCCC,11.77651013
*c1c(-c2ccccc2)c(-c2ccccc2)c(*)c2cc(C(c3ccc(C#Cc4ccccc4)c(C#Cc4ccccc4)c3)(C(F)(F)F)C(F)(F)F)ccc12,12.31035991
*c1c(-c2ccccc2)c(-c2ccccc2)c(*)c2cc(C3(c4ccc(C#Cc5ccccc5)c(C#Cc5ccccc5)c4)c4ccccc4-c4ccccc43)ccc12,11.54976157
*c1cc(*)c(O)c(/C=N/c2ccc(Cl)cc2)c1,13.61558599
*c1cc(*)c(O)c(/C=N/c2ccc(N3CCOCC3)cc2)c1,15.17923007
*c1cc(/C=N/c2ccc(C)cc2)c(*)c(OC)c1,24.66422713
*c1cc(/C=N/c2cccc(C)c2)cc(*)c1O,13.46142519
*c1cc(CCCCCCCCCCCC)c(*)cc1CCCCCCCCCCCC,11.74161872
*c1cc(CCCCCCCCCCCCC)c(*)s1,16.27456982
*c1cc(CCCCCCCCCCCCCC)c(*)s1,16.14848283
*c1cc(CCCCCCCCCCCCCCC)c(*)s1,16.04613034
*c1cc(CCCCCCCCCCCCCCCC)c(*)[nH]1,14.71408344
*c1cc(CCCCCCCCCCCCCCCCCC)c(*)s1,14.38765864
*c1cc(CCCCCCCCCCCCCCCCCCCCCC)c(*)s1,15.35786351
*c1cc(O)c(O)cc1*,13.85120498
*c1cc(OCCCCCCCCCCCC)c(*)cc1O,17.49332984
*c1cc2cccccc-2c1*,15.84965404
*c1ccc(-c2cc(-c3ccc(OCCCCCC)cc3)cc(-c3ccc(-c4ccc5c(c4)C(CCCCCC)(CCCCCC)c4cc(*)ccc4-5)cc3)c2-c2ccc(OCCCCCC)cc2)cc1,19.66529502
*c1ccc(-c2ccc(-c3ccc(C(*)(CC)C(F)(F)F)cc3)cc2)cc1,22.38019563
*c1ccc(-c2ccc(C(*)(C)C(F)(F)F)cc2)cc1,21.06056085
*c1ccc(-c2ccc(C(*)(C)C)cc2)cc1,21.2582938
*c1ccc(-c2ccc(C(*)(c3ccc(F)cc3)C(F)(F)F)cc2)cc1,20.76961788
*c1ccc(-c2ccc(C(*)(c3ccccc3)C(F)(F)F)cc2)cc1,19.28801766
*c1ccc(-c2ccc(C3(*)CCCCC3)cc2)cc1,16.14335044
*c1ccc(-c2ccc3c(c2)C(CCCCCC)(CCCCCC)c2cc(*)ccc2-3)cc1,27.96449264
*c1ccc(-c2ccc3c(c2)C(CCCCCCBr)(CCCCCCBr)c2cc(*)ccc2-3)cc1,29.39678289
*c1ccc(-c2ccc3c(c2)C(CCCCCCC#N)(CCCCCCC#N)c2cc(*)ccc2-3)cc1,28.6824407
*c1ccc(-c2nc3ccc(Oc4ccc5nc(*)c(-c6ccccc6)c(-c6ccccc6)c5c4)cc3c(-c3ccccc3)c2-c2ccccc2)cc1,25.28802464
*c1ccc(-c2nnc(-c3cccc(-c4nnc(*)n4-c4ccccc4)c3)n2-c2ccccc2)cc1,24.31804369
*c1ccc(-c2sc(-c3cc(CCCCCCCCCCCC)c(*)s3)cc2CCCCCCCCCCCC)cc1,19.30135388
*c1ccc(C(C)(C)c2ccc(-n3c(=O)c4cc5c(=O)n(*)c(=O)c5cc4c3=O)cc2)cc1,25.11101976
*c1ccc(C2C(C(=O)OCC)C(*)C2C(=O)OCC)cc1,16.56532099
*c1ccc(Cc2ccc(-n3c(=O)c4cc5c(=O)n(*)c(=O)c5cc4c3=O)cc2)cc1,29.70086573
*c1ccc(N2C(=O)c3ccc(-c4cccc5c4C(=O)N(*)C5=O)cc3C2=O)cc1,22.05257254
*c1ccc(N2C(=O)c3ccc(C(=O)c4ccc5c(c4)C(=O)N(c4ccc(-c6nc7cc(-c8ccc9nc(-c%10ccccc%10)c(*)nc9c8)ccc7nc6-c6ccccc6)cc4)C5=O)cc3C2=O)cc1,22.18257973
*c1ccc(NC(=O)Nc2ccc(NC(=O)Nc3ccc(-c4nc(-c5ccc([N+](=O)[O-])cc5)[nH]c4*)cc3)cc2)cc1,19.2258376
*c1ccc(NC(=O)Nc2ccc(NC(=O)Nc3ccc(-c4nc(C#N)c(C#N)nc4*)cc3)cc2)cc1,19.52705482
*c1ccc(Oc2cccc(Oc3ccc(N4C(=O)c5cccc(Oc6cccc(Oc7cccc8c7C(=O)N(*)C8=O)c6)c5C4=O)cc3)c2)cc1,17.29130819
*c1ccc2c(c1)C(=O)N(c1cc(OCCN(CC)c3ccc(/N=N/c4ccc([N+](=O)[O-])cc4)cc3)cc(N3C(=O)c4ccc(C(*)(C(F)(F)F)C(F)(F)F)cc4C3=O)c1)C2=O,17.1881696
*c1ccc2c(c1)C(CCCCCC)(CCCCCC)c1cc(-c3cc(CCCCCC)c(*)cc3CCCCCC)ccc1-2,20.23991085
*c1ccc2c(c1)C(CCCCCC)(CCCCCC)c1cc(-c3cc(CCCCCCCC)c(*)cc3CCCCCCCC)ccc1-2,17.51524142
*c1ccc2c(c1)C(CCCCCC)(CCCCCC)c1cc(-c3cc(CCCCCCCCCC)c(*)cc3CCCCCCCCCC)ccc1-2,18.38442171
*c1ccc2c(c1)C(CCCCCC)(CCCCCC)c1cc(-c3cc(OCCCCCCCC)c(*)cc3OCCCCCCCC)ccc1-2,18.18381296
*c1ccc2c(c1)C(CCCCCC)(CCCCCC)c1cc(-c3cc(OCc4ccccc4)c(*)cc3OCc3ccccc3)ccc1-2,21.32352082
*c1ccc2c(c1)SC1=Nc3cc(-c4ccc5c(c4)N=C4Sc6cc(*)ccc6N=C4N5)ccc3NC1=N2,27.5268485
*c1ccc2ccc3c(*)cc(C#CC=C)c4ccc1c2c34,34.48730282
*c1cccc(*)c1,20.5902314
*c1cccc(N2C(=O)c3ccc(Oc4ccc5c(c4)C4(CC(C)(C)c6ccc(Oc7ccc8c(c7)C(=O)N(*)C8=O)cc64)CC5(C)C)cc3C2=O)c1,20.26112885
*c1nc(-c2ccccc2)nc(N(c2ccccc2)c2ncnc(N(*)c3ccccc3)n2)n1,15.96371163
*c1nc(C)nc(N(CCCCCCN(*)c2ccccc2)c2ccccc2)n1,14.20899208
*c1nc2cc3sc(-c4cc(OCCCCCCCCCCCC)c(*)cc4OCCCCCCCCCCCC)nc3cc2s1,22.57173018
*c1sc(*)c(OCCCCCCCCCCCC)c1C,16.11371346
*c1sc(*)c(OCCCCCCCCCCCCCC)c1C,14.84412514
*c1sc(*)c(OCCCCCCCCCCCCCCCCCCCC)c1C,14.34826035
*c1sc(*)c2c1OCC(CCCCCCCCCCCCCCCC)O2,15.08786185
